id,Title,Price,Rating,Colors,Size,Gender
1,Unknown Product, 1600000.00,5.0,5,M,Men
2,T-shirt 2, 1634400.00,3.9,3,M,Women
3,Hoodie 3, 7950080.00,4.8,3,L,Unisex
4,Pants 4, 7476960.00,3.3,3,XL,Men
5,Outerwear 5, 5145440.00,3.5,3,XXL,Women
6,Jacket 6, 2453920.00,3.3,3,S,Unisex
7,Crewneck 7, 6892000.00,4.3,3,M,Men
8,T-shirt 8, 7802560.00,3.1,3,L,Women
9,Hoodie 9, 3972160.00,3.2,3,XL,Unisex
10,Pants 10, 3100160.00,4.2,3,XXL,Men
11,Unknown Product, 1600000.00,5.0,5,M,Men
12,Jacket 12, 8527840.00,3.9,3,M,Unisex
13,Crewneck 13, 5447200.00,3.2,3,L,Men
14,T-shirt 14, 3248800.00,3.8,3,XL,Women
15,Hoodie 15, 2184160.00,3.6,3,XXL,Unisex
17,Outerwear 17, 841600.00,3.8,3,M,Women
18,Jacket 18, 5500000.00,3.8,3,L,Unisex
19,Crewneck 19, 1308960.00,3.6,3,XL,Men
20,T-shirt 20, 1325600.00,3.4,3,XXL,Women
21,Unknown Product, 1600000.00,5.0,5,M,Men
22,Pants 22, 4319680.00,4.9,3,M,Men
23,Outerwear 23, 4655840.00,3.7,3,L,Women
24,Jacket 24, 8223520.00,3.9,3,XL,Unisex
25,Crewneck 25, 8322560.00,3.3,3,XXL,Men
26,T-shirt 26, 7292320.00,4.6,3,S,Women
27,Hoodie 27, 3551840.00,4.8,3,M,Unisex
28,Pants 28, 5216160.00,4.0,3,L,Men
29,Outerwear 29, 861600.00,3.1,3,XL,Women
30,Jacket 30, 8610240.00,3.7,3,XXL,Unisex
31,Unknown Product, 1600000.00,5.0,5,M,Men
32,T-shirt 32, 6657920.00,3.4,3,M,Women
33,Hoodie 33, 7248160.00,3.5,3,L,Unisex
34,Pants 34, 8362720.00,3.8,3,XL,Men
35,Outerwear 35, 1356160.00,3.8,3,XXL,Women
36,Jacket 36, 7249280.00,3.7,3,S,Unisex
37,Crewneck 37, 6006080.00,4.0,3,M,Men
38,T-shirt 38, 4866080.00,3.2,3,L,Women
39,Hoodie 39, 6431200.00,4.6,3,XL,Unisex
40,Pants 40, 5853600.00,3.1,3,XXL,Men
41,Unknown Product, 1600000.00,5.0,5,M,Men
42,Jacket 42, 6744160.00,3.7,3,M,Unisex
43,Crewneck 43, 2909600.00,4.5,3,L,Men
44,T-shirt 44, 3312320.00,3.0,3,XL,Women
45,Hoodie 45, 8693120.00,4.5,3,XXL,Unisex
47,Outerwear 47, 6364640.00,3.2,3,M,Women
48,Jacket 48, 4994720.00,3.4,3,L,Unisex
49,Crewneck 49, 1071200.00,4.0,3,XL,Men
50,T-shirt 50, 5932960.00,3.1,3,XXL,Women
51,Unknown Product, 1600000.00,5.0,5,M,Men
52,Pants 52, 1596480.00,4.0,3,M,Men
53,Outerwear 53, 4470880.00,4.3,3,L,Women
54,Jacket 54, 854560.00,4.2,3,XL,Unisex
55,Crewneck 55, 1793760.00,3.6,3,XXL,Men
56,T-shirt 56, 4643040.00,3.8,3,S,Women
57,Hoodie 57, 3155360.00,4.9,3,M,Unisex
58,Pants 58, 1637760.00,4.4,3,L,Men
59,Outerwear 59, 2254240.00,4.6,3,XL,Women
60,Jacket 60, 3375520.00,4.2,3,XXL,Unisex
61,Unknown Product, 1600000.00,5.0,5,M,Men
62,T-shirt 62, 1376480.00,3.8,3,M,Women
63,Hoodie 63, 6479200.00,3.6,3,L,Unisex
64,Pants 64, 7728480.00,4.0,3,XL,Men
65,Outerwear 65, 2385920.00,4.1,3,XXL,Women
66,Jacket 66, 4353120.00,3.5,3,S,Unisex
67,Crewneck 67, 8470720.00,3.5,3,M,Men
68,T-shirt 68, 8025280.00,4.0,3,L,Women
69,Hoodie 69, 1027840.00,3.6,3,XL,Unisex
70,Pants 70, 1171360.00,4.4,3,XXL,Men
71,Unknown Product, 1600000.00,5.0,5,M,Men
72,Jacket 72, 3776000.00,4.4,3,M,Unisex
73,Crewneck 73, 2460320.00,3.0,3,L,Men
74,T-shirt 74, 7704800.00,3.8,3,XL,Women
75,Hoodie 75, 2101760.00,4.3,3,XXL,Unisex
77,Outerwear 77, 861760.00,3.7,3,M,Women
78,Jacket 78, 2716480.00,4.3,3,L,Unisex
79,Crewneck 79, 3309600.00,4.6,3,XL,Men
80,T-shirt 80, 4178400.00,4.5,3,XXL,Women
81,Unknown Product, 1600000.00,5.0,5,M,Men
82,Pants 82, 8315520.00,4.8,3,M,Men
83,Outerwear 83, 3947840.00,3.7,3,L,Women
84,Jacket 84, 2826080.00,4.8,3,XL,Unisex
85,Crewneck 85, 4564160.00,3.5,3,XXL,Men
86,T-shirt 86, 1670880.00,3.9,3,S,Women
87,Hoodie 87, 7870240.00,4.3,3,M,Unisex
88,Pants 88, 7590400.00,3.1,3,L,Men
89,Outerwear 89, 4856320.00,3.0,3,XL,Women
90,Jacket 90, 7160000.00,4.0,3,XXL,Unisex
91,Unknown Product, 1600000.00,5.0,5,M,Men
92,T-shirt 92, 5012320.00,3.5,3,M,Women
93,Hoodie 93, 1365280.00,3.6,3,L,Unisex
94,Pants 94, 1074880.00,4.3,3,XL,Men
95,Outerwear 95, 6062240.00,3.5,3,XXL,Women
96,Jacket 96, 4598240.00,4.9,3,S,Unisex
97,Crewneck 97, 6113120.00,3.9,3,M,Men
98,T-shirt 98, 8596960.00,3.1,3,L,Women
99,Hoodie 99, 5028000.00,3.6,3,XL,Unisex
100,Pants 100, 2217280.00,4.6,3,XXL,Men
101,Unknown Product, 1600000.00,5.0,5,M,Men
102,Jacket 102, 3840640.00,3.3,3,M,Unisex
103,Crewneck 103, 2331680.00,3.5,3,L,Men
104,T-shirt 104, 2374400.00,3.8,3,XL,Women
105,Hoodie 105, 5019840.00,4.2,3,XXL,Unisex
107,Outerwear 107, 6625120.00,4.0,3,M,Women
108,Jacket 108, 5551680.00,4.8,3,L,Unisex
109,Crewneck 109, 5886880.00,3.3,3,XL,Men
110,T-shirt 110, 7197120.00,4.6,3,XXL,Women
111,Unknown Product, 1600000.00,5.0,5,M,Men
112,Pants 112, 4261920.00,3.3,3,M,Men
113,Outerwear 113, 4472000.00,3.7,3,L,Women
114,Jacket 114, 5386560.00,4.9,3,XL,Unisex
115,Crewneck 115, 1933280.00,4.5,3,XXL,Men
116,T-shirt 116, 3474560.00,3.0,3,S,Women
117,Hoodie 117, 3376320.00,5.0,3,M,Unisex
118,Pants 118, 5585440.00,3.2,3,L,Men
119,Outerwear 119, 3561760.00,3.4,3,XL,Women
120,Jacket 120, 7480320.00,4.0,3,XXL,Unisex
121,Unknown Product, 1600000.00,5.0,5,M,Men
122,T-shirt 122, 1961920.00,3.6,3,M,Women
123,Hoodie 123, 4498080.00,3.8,3,L,Unisex
124,Pants 124, 7023520.00,3.2,3,XL,Men
125,Outerwear 125, 6998240.00,4.2,3,XXL,Women
126,Jacket 126, 4426080.00,3.9,3,S,Unisex
127,Crewneck 127, 8311680.00,4.0,3,M,Men
128,T-shirt 128, 4466720.00,3.8,3,L,Women
129,Hoodie 129, 2532480.00,4.5,3,XL,Unisex
130,Pants 130, 6603520.00,4.8,3,XXL,Men
131,Unknown Product, 1600000.00,5.0,5,M,Men
132,Jacket 132, 6474880.00,4.2,3,M,Unisex
133,Crewneck 133, 2016320.00,4.7,3,L,Men
134,T-shirt 134, 5937440.00,3.2,3,XL,Women
135,Hoodie 135, 5141440.00,4.7,3,XXL,Unisex
137,Outerwear 137, 6988320.00,4.5,3,M,Women
138,Jacket 138, 4635520.00,3.4,3,L,Unisex
139,Crewneck 139, 8053120.00,4.5,3,XL,Men
140,T-shirt 140, 6811040.00,3.5,3,XXL,Women
141,Unknown Product, 1600000.00,5.0,5,M,Men
142,Pants 142, 2325280.00,4.9,3,M,Men
143,Outerwear 143, 3346560.00,4.9,3,L,Women
144,Jacket 144, 5758240.00,4.3,3,XL,Unisex
145,Crewneck 145, 3472800.00,4.8,3,XXL,Men
146,T-shirt 146, 7688640.00,4.3,3,S,Women
147,Hoodie 147, 3052800.00,5.0,3,M,Unisex
148,Pants 148, 6033440.00,4.7,3,L,Men
149,Outerwear 149, 3105920.00,3.2,3,XL,Women
150,Jacket 150, 1500640.00,3.6,3,XXL,Unisex
151,Unknown Product, 1600000.00,5.0,5,M,Men
152,T-shirt 152, 6288640.00,4.2,3,M,Women
153,Hoodie 153, 2660640.00,4.3,3,L,Unisex
154,Pants 154, 2337440.00,3.0,3,XL,Men
155,Outerwear 155, 3783200.00,4.1,3,XXL,Women
156,Jacket 156, 6645120.00,3.6,3,S,Unisex
157,Crewneck 157, 1105760.00,4.0,3,M,Men
158,T-shirt 158, 7321120.00,4.0,3,L,Women
159,Hoodie 159, 2371680.00,4.9,3,XL,Unisex
160,Pants 160, 2802880.00,3.4,3,XXL,Men
161,Unknown Product, 1600000.00,5.0,5,M,Men
162,Jacket 162, 1543840.00,4.5,3,M,Unisex
163,Crewneck 163, 7861920.00,4.4,3,L,Men
164,T-shirt 164, 3512000.00,3.9,3,XL,Women
165,Hoodie 165, 6921280.00,4.9,3,XXL,Unisex
167,Outerwear 167, 3273760.00,3.1,3,M,Women
168,Jacket 168, 870400.00,4.4,3,L,Unisex
169,Crewneck 169, 8032800.00,4.7,3,XL,Men
170,T-shirt 170, 6677920.00,4.5,3,XXL,Women
171,Unknown Product, 1600000.00,5.0,5,M,Men
172,Pants 172, 1566080.00,4.9,3,M,Men
173,Outerwear 173, 7034560.00,4.6,3,L,Women
174,Jacket 174, 6282240.00,3.3,3,XL,Unisex
175,Crewneck 175, 8125120.00,4.5,3,XXL,Men
176,T-shirt 176, 6104320.00,3.6,3,S,Women
177,Hoodie 177, 1890400.00,4.6,3,M,Unisex
178,Pants 178, 6184160.00,3.0,3,L,Men
179,Outerwear 179, 5816640.00,3.5,3,XL,Women
180,Jacket 180, 5552640.00,3.9,3,XXL,Unisex
181,Unknown Product, 1600000.00,5.0,5,M,Men
182,T-shirt 182, 2334880.00,3.8,3,M,Women
183,Hoodie 183, 3904640.00,3.6,3,L,Unisex
184,Pants 184, 7759520.00,4.5,3,XL,Men
185,Outerwear 185, 7822880.00,3.2,3,XXL,Women
186,Jacket 186, 6940480.00,4.2,3,S,Unisex
187,Crewneck 187, 6663520.00,3.8,3,M,Men
188,T-shirt 188, 3927840.00,4.4,3,L,Women
189,Hoodie 189, 1946720.00,4.0,3,XL,Unisex
190,Pants 190, 2220960.00,4.5,3,XXL,Men
191,Unknown Product, 1600000.00,5.0,5,M,Men
192,Jacket 192, 5066240.00,3.8,3,M,Unisex
193,Crewneck 193, 7355680.00,4.1,3,L,Men
194,T-shirt 194, 2818720.00,4.9,3,XL,Women
195,Hoodie 195, 7208960.00,4.9,3,XXL,Unisex
197,Outerwear 197, 5681600.00,4.9,3,M,Women
198,Jacket 198, 5435040.00,4.5,3,L,Unisex
199,Crewneck 199, 6744320.00,3.1,3,XL,Men
200,T-shirt 200, 6289920.00,3.5,3,XXL,Women
201,Unknown Product, 1600000.00,5.0,5,M,Men
202,Pants 202, 5592480.00,3.3,3,M,Men
203,Outerwear 203, 2144000.00,3.4,3,L,Women
204,Jacket 204, 6031040.00,3.9,3,XL,Unisex
205,Crewneck 205, 6434880.00,3.2,3,XXL,Men
206,T-shirt 206, 4674720.00,4.5,3,S,Women
207,Hoodie 207, 6101440.00,3.5,3,M,Unisex
208,Pants 208, 4637600.00,3.1,3,L,Men
209,Outerwear 209, 7980640.00,4.3,3,XL,Women
210,Jacket 210, 7827360.00,4.7,3,XXL,Unisex
211,Unknown Product, 1600000.00,5.0,5,M,Men
212,T-shirt 212, 8794880.00,4.7,3,M,Women
213,Hoodie 213, 5748000.00,3.6,3,L,Unisex
214,Pants 214, 4315680.00,4.9,3,XL,Men
215,Outerwear 215, 1449600.00,3.8,3,XXL,Women
216,Jacket 216, 4576480.00,4.6,3,S,Unisex
217,Crewneck 217, 5772960.00,4.8,3,M,Men
218,T-shirt 218, 5600320.00,3.1,3,L,Women
219,Hoodie 219, 5671040.00,4.6,3,XL,Unisex
220,Pants 220, 3357600.00,3.2,3,XXL,Men
221,Unknown Product, 1600000.00,5.0,5,M,Men
222,Jacket 222, 7438080.00,3.4,3,M,Unisex
223,Crewneck 223, 952960.00,4.8,3,L,Men
224,T-shirt 224, 3534560.00,4.5,3,XL,Women
225,Hoodie 225, 5232800.00,3.5,3,XXL,Unisex
227,Outerwear 227, 6742560.00,4.8,3,M,Women
228,Jacket 228, 8076800.00,4.5,3,L,Unisex
229,Crewneck 229, 3101920.00,4.9,3,XL,Men
230,T-shirt 230, 7133280.00,4.5,3,XXL,Women
231,Unknown Product, 1600000.00,5.0,5,M,Men
232,Pants 232, 8327360.00,4.0,3,M,Men
233,Outerwear 233, 847360.00,4.8,3,L,Women
234,Jacket 234, 1159200.00,4.5,3,XL,Unisex
235,Crewneck 235, 6560320.00,3.4,3,XXL,Men
236,T-shirt 236, 5492320.00,3.9,3,S,Women
237,Hoodie 237, 4743520.00,3.1,3,M,Unisex
238,Pants 238, 8301920.00,3.8,3,L,Men
239,Outerwear 239, 7934080.00,3.1,3,XL,Women
240,Jacket 240, 7600000.00,3.8,3,XXL,Unisex
241,Unknown Product, 1600000.00,5.0,5,M,Men
242,T-shirt 242, 4833600.00,3.4,3,M,Women
243,Hoodie 243, 3371680.00,3.1,3,L,Unisex
244,Pants 244, 8116160.00,3.1,3,XL,Men
245,Outerwear 245, 1451680.00,4.0,3,XXL,Women
246,Jacket 246, 8735040.00,3.1,3,S,Unisex
247,Crewneck 247, 8769120.00,3.0,3,M,Men
248,T-shirt 248, 2280000.00,4.5,3,L,Women
249,Hoodie 249, 2149440.00,4.2,3,XL,Unisex
250,Pants 250, 4314240.00,3.1,3,XXL,Men
251,Unknown Product, 1600000.00,5.0,5,M,Men
252,Jacket 252, 8408480.00,3.2,3,M,Unisex
253,Crewneck 253, 1854720.00,3.9,3,L,Men
254,T-shirt 254, 5984160.00,3.9,3,XL,Women
255,Hoodie 255, 3668000.00,4.1,3,XXL,Unisex
257,Outerwear 257, 7073120.00,5.0,3,M,Women
258,Jacket 258, 2080640.00,4.7,3,L,Unisex
259,Crewneck 259, 2275520.00,3.3,3,XL,Men
260,T-shirt 260, 6271520.00,3.5,3,XXL,Women
261,Unknown Product, 1600000.00,5.0,5,M,Men
262,Pants 262, 1097760.00,3.4,3,M,Men
263,Outerwear 263, 1878400.00,4.2,3,L,Women
264,Jacket 264, 2063040.00,4.8,3,XL,Unisex
265,Crewneck 265, 2483040.00,3.5,3,XXL,Men
266,T-shirt 266, 4842080.00,4.6,3,S,Women
267,Hoodie 267, 4086240.00,4.3,3,M,Unisex
268,Pants 268, 5005120.00,3.6,3,L,Men
269,Outerwear 269, 8073920.00,3.1,3,XL,Women
270,Jacket 270, 2569120.00,4.2,3,XXL,Unisex
271,Unknown Product, 1600000.00,5.0,5,M,Men
272,T-shirt 272, 5811840.00,3.3,3,M,Women
273,Hoodie 273, 5291360.00,4.9,3,L,Unisex
274,Pants 274, 3669280.00,4.2,3,XL,Men
275,Outerwear 275, 5575360.00,4.8,3,XXL,Women
276,Jacket 276, 1013600.00,4.3,3,S,Unisex
277,Crewneck 277, 2383680.00,4.7,3,M,Men
278,T-shirt 278, 2087360.00,3.8,3,L,Women
279,Hoodie 279, 5592320.00,4.7,3,XL,Unisex
280,Pants 280, 7501440.00,3.9,3,XXL,Men
281,Unknown Product, 1600000.00,5.0,5,M,Men
282,Jacket 282, 2227040.00,3.0,3,M,Unisex
283,Crewneck 283, 6633120.00,3.2,3,L,Men
284,T-shirt 284, 6568000.00,3.6,3,XL,Women
285,Hoodie 285, 3009120.00,3.2,3,XXL,Unisex
287,Outerwear 287, 5273600.00,3.7,3,M,Women
288,Jacket 288, 3123040.00,4.1,3,L,Unisex
289,Crewneck 289, 888000.00,4.0,3,XL,Men
290,T-shirt 290, 6425120.00,4.2,3,XXL,Women
291,Unknown Product, 1600000.00,5.0,5,M,Men
292,Pants 292, 2384480.00,3.9,3,M,Men
293,Outerwear 293, 1176160.00,4.5,3,L,Women
294,Jacket 294, 5947200.00,3.8,3,XL,Unisex
295,Crewneck 295, 7266720.00,4.9,3,XXL,Men
296,T-shirt 296, 1172160.00,3.1,3,S,Women
297,Hoodie 297, 7801120.00,3.6,3,M,Unisex
298,Pants 298, 2426080.00,4.8,3,L,Men
299,Outerwear 299, 1947840.00,4.3,3,XL,Women
300,Jacket 300, 6408480.00,4.0,3,XXL,Unisex
301,Unknown Product, 1600000.00,5.0,5,M,Men
302,T-shirt 302, 5711200.00,3.2,3,M,Women
303,Hoodie 303, 7974560.00,4.1,3,L,Unisex
304,Pants 304, 7129760.00,3.4,3,XL,Men
305,Outerwear 305, 6325440.00,4.5,3,XXL,Women
306,Jacket 306, 7575040.00,4.2,3,S,Unisex
307,Crewneck 307, 7735200.00,3.7,3,M,Men
308,T-shirt 308, 4086080.00,4.1,3,L,Women
309,Hoodie 309, 3953120.00,4.8,3,XL,Unisex
310,Pants 310, 6329280.00,4.7,3,XXL,Men
311,Unknown Product, 1600000.00,5.0,5,M,Men
312,Jacket 312, 7267040.00,3.8,3,M,Unisex
313,Crewneck 313, 1948320.00,3.1,3,L,Men
314,T-shirt 314, 6017120.00,3.2,3,XL,Women
315,Hoodie 315, 7022880.00,3.1,3,XXL,Unisex
317,Outerwear 317, 5259040.00,3.3,3,M,Women
318,Jacket 318, 5667200.00,3.7,3,L,Unisex
319,Crewneck 319, 3085920.00,3.3,3,XL,Men
320,T-shirt 320, 829440.00,3.3,3,XXL,Women
321,Unknown Product, 1600000.00,5.0,5,M,Men
322,Pants 322, 7810400.00,3.2,3,M,Men
323,Outerwear 323, 8468000.00,3.1,3,L,Women
324,Jacket 324, 6082720.00,3.3,3,XL,Unisex
325,Crewneck 325, 3001760.00,3.4,3,XXL,Men
326,T-shirt 326, 4519360.00,4.9,3,S,Women
327,Hoodie 327, 6641440.00,4.4,3,M,Unisex
328,Pants 328, 5732960.00,4.5,3,L,Men
329,Outerwear 329, 6724160.00,4.7,3,XL,Women
330,Jacket 330, 1591200.00,4.3,3,XXL,Unisex
331,Unknown Product, 1600000.00,5.0,5,M,Men
332,T-shirt 332, 2335680.00,3.4,3,M,Women
333,Hoodie 333, 1746080.00,4.8,3,L,Unisex
334,Pants 334, 2409440.00,3.8,3,XL,Men
335,Outerwear 335, 2826720.00,3.0,3,XXL,Women
336,Jacket 336, 6237760.00,5.0,3,S,Unisex
337,Crewneck 337, 8608800.00,4.3,3,M,Men
338,T-shirt 338, 2883360.00,3.9,3,L,Women
339,Hoodie 339, 4424800.00,4.9,3,XL,Unisex
340,Pants 340, 5975200.00,4.3,3,XXL,Men
341,Unknown Product, 1600000.00,5.0,5,M,Men
342,Jacket 342, 1827680.00,4.8,3,M,Unisex
343,Crewneck 343, 2279040.00,4.1,3,L,Men
344,T-shirt 344, 3415680.00,4.5,3,XL,Women
345,Hoodie 345, 7577440.00,3.3,3,XXL,Unisex
347,Outerwear 347, 6986080.00,4.7,3,M,Women
348,Jacket 348, 3195040.00,4.6,3,L,Unisex
349,Crewneck 349, 6085600.00,3.5,3,XL,Men
350,T-shirt 350, 8047680.00,5.0,3,XXL,Women
351,Unknown Product, 1600000.00,5.0,5,M,Men
352,Pants 352, 2838880.00,4.0,3,M,Men
353,Outerwear 353, 961600.00,3.6,3,L,Women
354,Jacket 354, 2294720.00,3.8,3,XL,Unisex
355,Crewneck 355, 4246560.00,3.2,3,XXL,Men
356,T-shirt 356, 7150080.00,4.3,3,S,Women
357,Hoodie 357, 3739360.00,3.6,3,M,Unisex
358,Pants 358, 8479520.00,3.9,3,L,Men
359,Outerwear 359, 1696480.00,4.3,3,XL,Women
360,Jacket 360, 8788320.00,4.8,3,XXL,Unisex
361,Unknown Product, 1600000.00,5.0,5,M,Men
362,T-shirt 362, 4776800.00,5.0,3,M,Women
363,Hoodie 363, 1171360.00,3.2,3,L,Unisex
364,Pants 364, 4972800.00,4.8,3,XL,Men
365,Outerwear 365, 6956480.00,4.5,3,XXL,Women
366,Jacket 366, 5854880.00,4.9,3,S,Unisex
367,Crewneck 367, 8359360.00,4.9,3,M,Men
368,T-shirt 368, 965120.00,3.2,3,L,Women
369,Hoodie 369, 7204960.00,4.7,3,XL,Unisex
370,Pants 370, 4559680.00,3.6,3,XXL,Men
371,Unknown Product, 1600000.00,5.0,5,M,Men
372,Jacket 372, 5052960.00,3.6,3,M,Unisex
373,Crewneck 373, 2231040.00,3.6,3,L,Men
374,T-shirt 374, 7697120.00,3.9,3,XL,Women
375,Hoodie 375, 7027520.00,3.9,3,XXL,Unisex
377,Outerwear 377, 6802080.00,4.8,3,M,Women
378,Jacket 378, 3402400.00,3.6,3,L,Unisex
379,Crewneck 379, 3963200.00,4.4,3,XL,Men
380,T-shirt 380, 2547040.00,3.8,3,XXL,Women
381,Unknown Product, 1600000.00,5.0,5,M,Men
382,Pants 382, 1356160.00,4.4,3,M,Men
383,Outerwear 383, 3431040.00,3.4,3,L,Women
384,Jacket 384, 1452960.00,3.3,3,XL,Unisex
385,Crewneck 385, 7950720.00,4.9,3,XXL,Men
386,T-shirt 386, 4793600.00,4.6,3,S,Women
387,Hoodie 387, 8418080.00,4.2,3,M,Unisex
388,Pants 388, 931200.00,3.1,3,L,Men
389,Outerwear 389, 2883200.00,5.0,3,XL,Women
390,Jacket 390, 5432960.00,3.3,3,XXL,Unisex
391,Unknown Product, 1600000.00,5.0,5,M,Men
392,T-shirt 392, 1226080.00,4.4,3,M,Women
393,Hoodie 393, 4068480.00,3.2,3,L,Unisex
394,Pants 394, 3540000.00,3.3,3,XL,Men
395,Outerwear 395, 3098720.00,4.0,3,XXL,Women
396,Jacket 396, 2505280.00,3.9,3,S,Unisex
397,Crewneck 397, 855360.00,3.6,3,M,Men
398,T-shirt 398, 4592800.00,4.7,3,L,Women
399,Hoodie 399, 2523520.00,3.6,3,XL,Unisex
400,Pants 400, 6020640.00,4.7,3,XXL,Men
401,Unknown Product, 1600000.00,5.0,5,M,Men
402,Jacket 402, 2029120.00,4.6,3,M,Unisex
403,Crewneck 403, 1580320.00,4.1,3,L,Men
404,T-shirt 404, 3501120.00,4.9,3,XL,Women
405,Hoodie 405, 5080160.00,3.8,3,XXL,Unisex
407,Outerwear 407, 2761280.00,3.7,3,M,Women
408,Jacket 408, 4176000.00,4.9,3,L,Unisex
409,Crewneck 409, 3221760.00,3.5,3,XL,Men
410,T-shirt 410, 1586720.00,3.1,3,XXL,Women
411,Unknown Product, 1600000.00,5.0,5,M,Men
412,Pants 412, 5438240.00,4.4,3,M,Men
413,Outerwear 413, 1306400.00,3.4,3,L,Women
414,Jacket 414, 2234720.00,3.7,3,XL,Unisex
415,Crewneck 415, 3617440.00,3.1,3,XXL,Men
416,T-shirt 416, 4454080.00,3.1,3,S,Women
417,Hoodie 417, 2769440.00,4.6,3,M,Unisex
418,Pants 418, 6307840.00,5.0,3,L,Men
419,Outerwear 419, 7004000.00,5.0,3,XL,Women
420,Jacket 420, 2472640.00,3.1,3,XXL,Unisex
421,Unknown Product, 1600000.00,5.0,5,M,Men
422,T-shirt 422, 924320.00,3.9,3,M,Women
423,Hoodie 423, 4601760.00,3.7,3,L,Unisex
424,Pants 424, 3865760.00,4.4,3,XL,Men
425,Outerwear 425, 2528480.00,4.8,3,XXL,Women
426,Jacket 426, 3462400.00,3.4,3,S,Unisex
427,Crewneck 427, 6375200.00,3.3,3,M,Men
428,T-shirt 428, 7053120.00,4.9,3,L,Women
429,Hoodie 429, 1658560.00,4.9,3,XL,Unisex
430,Pants 430, 1442080.00,3.9,3,XXL,Men
431,Unknown Product, 1600000.00,5.0,5,M,Men
432,Jacket 432, 2151840.00,4.5,3,M,Unisex
433,Crewneck 433, 3872480.00,4.2,3,L,Men
434,T-shirt 434, 6557120.00,4.9,3,XL,Women
435,Hoodie 435, 1015680.00,4.0,3,XXL,Unisex
437,Outerwear 437, 1016800.00,3.9,3,M,Women
438,Jacket 438, 2453120.00,4.5,3,L,Unisex
439,Crewneck 439, 4005440.00,3.2,3,XL,Men
440,T-shirt 440, 5326080.00,3.0,3,XXL,Women
441,Unknown Product, 1600000.00,5.0,5,M,Men
442,Pants 442, 4701600.00,4.3,3,M,Men
443,Outerwear 443, 7262720.00,4.2,3,L,Women
444,Jacket 444, 4016960.00,3.3,3,XL,Unisex
445,Crewneck 445, 3574240.00,4.5,3,XXL,Men
446,T-shirt 446, 7740160.00,3.2,3,S,Women
447,Hoodie 447, 4748640.00,4.0,3,M,Unisex
448,Pants 448, 820160.00,4.4,3,L,Men
449,Outerwear 449, 6410080.00,4.0,3,XL,Women
450,Jacket 450, 8754880.00,3.1,3,XXL,Unisex
451,Unknown Product, 1600000.00,5.0,5,M,Men
452,T-shirt 452, 6892800.00,4.4,3,M,Women
453,Hoodie 453, 6576960.00,4.2,3,L,Unisex
454,Pants 454, 2179520.00,5.0,3,XL,Men
455,Outerwear 455, 1094080.00,4.8,3,XXL,Women
456,Jacket 456, 8096000.00,4.1,3,S,Unisex
457,Crewneck 457, 7342880.00,4.8,3,M,Men
458,T-shirt 458, 4240000.00,4.4,3,L,Women
459,Hoodie 459, 3237280.00,3.5,3,XL,Unisex
460,Pants 460, 1880800.00,3.6,3,XXL,Men
461,Unknown Product, 1600000.00,5.0,5,M,Men
462,Jacket 462, 6767840.00,4.5,3,M,Unisex
463,Crewneck 463, 7539520.00,4.5,3,L,Men
464,T-shirt 464, 6070080.00,4.5,3,XL,Women
465,Hoodie 465, 6164320.00,4.7,3,XXL,Unisex
467,Outerwear 467, 1325920.00,3.5,3,M,Women
468,Jacket 468, 4584960.00,3.7,3,L,Unisex
469,Crewneck 469, 1738880.00,4.2,3,XL,Men
470,T-shirt 470, 7738880.00,3.1,3,XXL,Women
471,Unknown Product, 1600000.00,5.0,5,M,Men
472,Pants 472, 3902080.00,3.1,3,M,Men
473,Outerwear 473, 5478080.00,4.2,3,L,Women
474,Jacket 474, 5864960.00,4.7,3,XL,Unisex
475,Crewneck 475, 7017280.00,4.6,3,XXL,Men
476,T-shirt 476, 3986240.00,4.3,3,S,Women
477,Hoodie 477, 6626080.00,4.2,3,M,Unisex
478,Pants 478, 4912000.00,3.8,3,L,Men
479,Outerwear 479, 7302400.00,4.4,3,XL,Women
480,Jacket 480, 4986240.00,4.2,3,XXL,Unisex
481,Unknown Product, 1600000.00,5.0,5,M,Men
482,T-shirt 482, 3352480.00,4.8,3,M,Women
483,Hoodie 483, 4035040.00,4.2,3,L,Unisex
484,Pants 484, 6428640.00,4.1,3,XL,Men
485,Outerwear 485, 4044480.00,4.7,3,XXL,Women
486,Jacket 486, 2573760.00,3.0,3,S,Unisex
487,Crewneck 487, 6955520.00,3.7,3,M,Men
488,T-shirt 488, 8789760.00,3.8,3,L,Women
489,Hoodie 489, 3554560.00,5.0,3,XL,Unisex
490,Pants 490, 7081600.00,3.1,3,XXL,Men
491,Unknown Product, 1600000.00,5.0,5,M,Men
492,Jacket 492, 6011840.00,3.0,3,M,Unisex
493,Crewneck 493, 5071520.00,4.8,3,L,Men
494,T-shirt 494, 1390080.00,3.4,3,XL,Women
495,Hoodie 495, 1663200.00,4.5,3,XXL,Unisex
497,Outerwear 497, 3957760.00,4.4,3,M,Women
498,Jacket 498, 4412800.00,4.6,3,L,Unisex
499,Crewneck 499, 7825920.00,4.1,3,XL,Men
500,T-shirt 500, 8114400.00,4.2,3,XXL,Women
501,Unknown Product, 1600000.00,5.0,5,M,Men
502,Pants 502, 7132480.00,4.4,3,M,Men
503,Outerwear 503, 4924480.00,4.8,3,L,Women
504,Jacket 504, 8024480.00,5.0,3,XL,Unisex
505,Crewneck 505, 8747680.00,4.3,3,XXL,Men
506,T-shirt 506, 8572000.00,3.6,3,S,Women
507,Hoodie 507, 6844000.00,4.7,3,M,Unisex
508,Pants 508, 7766080.00,3.5,3,L,Men
509,Outerwear 509, 7178400.00,3.1,3,XL,Women
510,Jacket 510, 1562080.00,3.4,3,XXL,Unisex
511,Unknown Product, 1600000.00,5.0,5,M,Men
512,T-shirt 512, 4319680.00,3.7,3,M,Women
513,Hoodie 513, 1693760.00,4.4,3,L,Unisex
514,Pants 514, 6888960.00,3.9,3,XL,Men
515,Outerwear 515, 7262560.00,3.1,3,XXL,Women
516,Jacket 516, 7130720.00,3.4,3,S,Unisex
517,Crewneck 517, 1069280.00,3.5,3,M,Men
518,T-shirt 518, 2575680.00,4.1,3,L,Women
519,Hoodie 519, 2236160.00,4.5,3,XL,Unisex
520,Pants 520, 2308320.00,3.8,3,XXL,Men
521,Unknown Product, 1600000.00,5.0,5,M,Men
522,Jacket 522, 6292960.00,4.0,3,M,Unisex
523,Crewneck 523, 3626720.00,4.6,3,L,Men
524,T-shirt 524, 936000.00,3.8,3,XL,Women
525,Hoodie 525, 7919040.00,3.6,3,XXL,Unisex
527,Outerwear 527, 4669280.00,3.6,3,M,Women
528,Jacket 528, 5595840.00,4.0,3,L,Unisex
529,Crewneck 529, 1420160.00,3.2,3,XL,Men
530,T-shirt 530, 6173760.00,3.3,3,XXL,Women
531,Unknown Product, 1600000.00,5.0,5,M,Men
532,Pants 532, 8391200.00,4.1,3,M,Men
533,Outerwear 533, 3370240.00,4.2,3,L,Women
534,Jacket 534, 3479200.00,3.7,3,XL,Unisex
535,Crewneck 535, 3901280.00,3.7,3,XXL,Men
536,T-shirt 536, 5092480.00,3.0,3,S,Women
537,Hoodie 537, 8671840.00,3.1,3,M,Unisex
538,Pants 538, 6134240.00,3.4,3,L,Men
539,Outerwear 539, 4692640.00,4.7,3,XL,Women
540,Jacket 540, 7051840.00,4.4,3,XXL,Unisex
541,Unknown Product, 1600000.00,5.0,5,M,Men
542,T-shirt 542, 4761440.00,3.5,3,M,Women
543,Hoodie 543, 8715680.00,4.7,3,L,Unisex
544,Pants 544, 5957760.00,3.1,3,XL,Men
545,Outerwear 545, 3579360.00,4.0,3,XXL,Women
546,Jacket 546, 6271520.00,3.3,3,S,Unisex
547,Crewneck 547, 5361120.00,3.9,3,M,Men
548,T-shirt 548, 2686240.00,4.6,3,L,Women
549,Hoodie 549, 2687200.00,3.7,3,XL,Unisex
550,Pants 550, 4450080.00,4.9,3,XXL,Men
551,Unknown Product, 1600000.00,5.0,5,M,Men
552,Jacket 552, 5380320.00,4.1,3,M,Unisex
553,Crewneck 553, 7760800.00,3.8,3,L,Men
554,T-shirt 554, 4001120.00,4.5,3,XL,Women
555,Hoodie 555, 1809600.00,3.0,3,XXL,Unisex
557,Outerwear 557, 5460480.00,3.4,3,M,Women
558,Jacket 558, 5007040.00,4.0,3,L,Unisex
559,Crewneck 559, 1590880.00,3.5,3,XL,Men
560,T-shirt 560, 6885280.00,4.2,3,XXL,Women
561,Unknown Product, 1600000.00,5.0,5,M,Men
562,Pants 562, 3724160.00,4.5,3,M,Men
563,Outerwear 563, 8197440.00,4.7,3,L,Women
564,Jacket 564, 8319200.00,4.3,3,XL,Unisex
565,Crewneck 565, 7635200.00,3.5,3,XXL,Men
566,T-shirt 566, 2611360.00,4.6,3,S,Women
567,Hoodie 567, 4576160.00,3.2,3,M,Unisex
568,Pants 568, 2984160.00,3.3,3,L,Men
569,Outerwear 569, 4966880.00,4.7,3,XL,Women
570,Jacket 570, 4000960.00,3.9,3,XXL,Unisex
571,Unknown Product, 1600000.00,5.0,5,M,Men
572,T-shirt 572, 4756320.00,3.2,3,M,Women
573,Hoodie 573, 6954080.00,4.5,3,L,Unisex
574,Pants 574, 2424000.00,3.8,3,XL,Men
575,Outerwear 575, 3517760.00,3.4,3,XXL,Women
576,Jacket 576, 805600.00,3.5,3,S,Unisex
577,Crewneck 577, 7873920.00,3.3,3,M,Men
578,T-shirt 578, 7958880.00,4.1,3,L,Women
579,Hoodie 579, 4428640.00,4.4,3,XL,Unisex
580,Pants 580, 2625440.00,3.3,3,XXL,Men
581,Unknown Product, 1600000.00,5.0,5,M,Men
582,Jacket 582, 4112160.00,4.1,3,M,Unisex
583,Crewneck 583, 5737760.00,4.5,3,L,Men
584,T-shirt 584, 6964960.00,4.8,3,XL,Women
585,Hoodie 585, 6186880.00,4.9,3,XXL,Unisex
587,Outerwear 587, 4424960.00,4.4,3,M,Women
588,Jacket 588, 4963040.00,4.7,3,L,Unisex
589,Crewneck 589, 931840.00,4.7,3,XL,Men
590,T-shirt 590, 6457120.00,3.9,3,XXL,Women
591,Unknown Product, 1600000.00,5.0,5,M,Men
592,Pants 592, 6805440.00,4.3,3,M,Men
593,Outerwear 593, 7163840.00,3.9,3,L,Women
594,Jacket 594, 8707680.00,4.2,3,XL,Unisex
595,Crewneck 595, 3723840.00,3.5,3,XXL,Men
596,T-shirt 596, 8290400.00,4.4,3,S,Women
597,Hoodie 597, 7969440.00,3.3,3,M,Unisex
598,Pants 598, 4714080.00,4.1,3,L,Men
599,Outerwear 599, 1179040.00,3.3,3,XL,Women
600,Jacket 600, 6414080.00,3.0,3,XXL,Unisex
601,Unknown Product, 1600000.00,5.0,5,M,Men
602,T-shirt 602, 2260960.00,4.4,3,M,Women
603,Hoodie 603, 7511520.00,3.1,3,L,Unisex
604,Pants 604, 7662240.00,4.3,3,XL,Men
605,Outerwear 605, 1710720.00,3.7,3,XXL,Women
606,Jacket 606, 5770720.00,4.6,3,S,Unisex
607,Crewneck 607, 3857600.00,3.1,3,M,Men
608,T-shirt 608, 7047840.00,4.6,3,L,Women
609,Hoodie 609, 2956320.00,4.1,3,XL,Unisex
610,Pants 610, 4515360.00,3.3,3,XXL,Men
611,Unknown Product, 1600000.00,5.0,5,M,Men
612,Jacket 612, 3202720.00,3.1,3,M,Unisex
613,Crewneck 613, 1013920.00,3.6,3,L,Men
614,T-shirt 614, 2428160.00,3.1,3,XL,Women
615,Hoodie 615, 4798720.00,4.8,3,XXL,Unisex
617,Outerwear 617, 1765920.00,4.3,3,M,Women
618,Jacket 618, 6474080.00,3.3,3,L,Unisex
619,Crewneck 619, 8340640.00,4.4,3,XL,Men
620,T-shirt 620, 2270240.00,3.3,3,XXL,Women
621,Unknown Product, 1600000.00,5.0,5,M,Men
622,Pants 622, 4849600.00,3.5,3,M,Men
623,Outerwear 623, 7299520.00,4.6,3,L,Women
624,Jacket 624, 6943200.00,3.9,3,XL,Unisex
625,Crewneck 625, 7826400.00,4.1,3,XXL,Men
626,T-shirt 626, 7777440.00,4.5,3,S,Women
627,Hoodie 627, 1232320.00,3.2,3,M,Unisex
628,Pants 628, 8113120.00,4.3,3,L,Men
629,Outerwear 629, 3997920.00,4.4,3,XL,Women
630,Jacket 630, 1003680.00,3.8,3,XXL,Unisex
631,Unknown Product, 1600000.00,5.0,5,M,Men
632,T-shirt 632, 4314240.00,3.6,3,M,Women
633,Hoodie 633, 3128000.00,3.1,3,L,Unisex
634,Pants 634, 8535680.00,3.9,3,XL,Men
635,Outerwear 635, 6897120.00,4.1,3,XXL,Women
636,Jacket 636, 3476320.00,4.5,3,S,Unisex
637,Crewneck 637, 6030240.00,4.0,3,M,Men
638,T-shirt 638, 5220960.00,4.6,3,L,Women
639,Hoodie 639, 6782720.00,4.7,3,XL,Unisex
640,Pants 640, 3038560.00,3.8,3,XXL,Men
641,Unknown Product, 1600000.00,5.0,5,M,Men
642,Jacket 642, 7747360.00,4.7,3,M,Unisex
643,Crewneck 643, 6116000.00,3.2,3,L,Men
644,T-shirt 644, 7479360.00,4.2,3,XL,Women
645,Hoodie 645, 3285440.00,3.3,3,XXL,Unisex
647,Outerwear 647, 4304960.00,3.8,3,M,Women
648,Jacket 648, 8699520.00,4.5,3,L,Unisex
649,Crewneck 649, 8588160.00,3.2,3,XL,Men
650,T-shirt 650, 8012800.00,3.4,3,XXL,Women
651,Unknown Product, 1600000.00,5.0,5,M,Men
652,Pants 652, 6084960.00,3.3,3,M,Men
653,Outerwear 653, 2622080.00,4.0,3,L,Women
654,Jacket 654, 4089440.00,4.7,3,XL,Unisex
655,Crewneck 655, 1834240.00,4.1,3,XXL,Men
656,T-shirt 656, 2538720.00,4.2,3,S,Women
657,Hoodie 657, 8459040.00,4.8,3,M,Unisex
658,Pants 658, 6268320.00,3.8,3,L,Men
659,Outerwear 659, 1817920.00,3.3,3,XL,Women
660,Jacket 660, 8715200.00,3.5,3,XXL,Unisex
661,Unknown Product, 1600000.00,5.0,5,M,Men
662,T-shirt 662, 1422720.00,4.5,3,M,Women
663,Hoodie 663, 7087200.00,4.0,3,L,Unisex
664,Pants 664, 8248640.00,3.5,3,XL,Men
665,Outerwear 665, 4033600.00,3.2,3,XXL,Women
666,Jacket 666, 4844000.00,3.9,3,S,Unisex
667,Crewneck 667, 1756640.00,3.7,3,M,Men
668,T-shirt 668, 5044640.00,3.7,3,L,Women
669,Hoodie 669, 2346080.00,3.3,3,XL,Unisex
670,Pants 670, 8406720.00,4.8,3,XXL,Men
671,Unknown Product, 1600000.00,5.0,5,M,Men
672,Jacket 672, 4776160.00,4.5,3,M,Unisex
673,Crewneck 673, 2803360.00,4.7,3,L,Men
674,T-shirt 674, 3156640.00,3.1,3,XL,Women
675,Hoodie 675, 4314880.00,3.2,3,XXL,Unisex
677,Outerwear 677, 4657440.00,3.3,3,M,Women
678,Jacket 678, 2777120.00,4.3,3,L,Unisex
679,Crewneck 679, 6373120.00,3.2,3,XL,Men
680,T-shirt 680, 8164800.00,3.2,3,XXL,Women
681,Unknown Product, 1600000.00,5.0,5,M,Men
682,Pants 682, 7616480.00,3.9,3,M,Men
683,Outerwear 683, 3907360.00,3.6,3,L,Women
684,Jacket 684, 7102560.00,3.5,3,XL,Unisex
685,Crewneck 685, 1495840.00,4.6,3,XXL,Men
686,T-shirt 686, 5381760.00,3.8,3,S,Women
687,Hoodie 687, 4220800.00,4.7,3,M,Unisex
688,Pants 688, 1487520.00,4.4,3,L,Men
689,Outerwear 689, 1939040.00,4.6,3,XL,Women
690,Jacket 690, 8782560.00,4.7,3,XXL,Unisex
691,Unknown Product, 1600000.00,5.0,5,M,Men
692,T-shirt 692, 1416480.00,4.1,3,M,Women
693,Hoodie 693, 3031680.00,4.1,3,L,Unisex
694,Pants 694, 2466720.00,3.4,3,XL,Men
695,Outerwear 695, 959360.00,3.3,3,XXL,Women
696,Jacket 696, 5146240.00,4.2,3,S,Unisex
697,Crewneck 697, 6545120.00,5.0,3,M,Men
698,T-shirt 698, 2444960.00,4.1,3,L,Women
699,Hoodie 699, 5250240.00,4.5,3,XL,Unisex
700,Pants 700, 3526560.00,4.3,3,XXL,Men
701,Unknown Product, 1600000.00,5.0,5,M,Men
702,Jacket 702, 4927680.00,4.3,3,M,Unisex
703,Crewneck 703, 2949120.00,4.2,3,L,Men
704,T-shirt 704, 6214240.00,4.1,3,XL,Women
705,Hoodie 705, 3042880.00,3.1,3,XXL,Unisex
707,Outerwear 707, 7746240.00,4.4,3,M,Women
708,Jacket 708, 8541280.00,4.3,3,L,Unisex
709,Crewneck 709, 7022400.00,3.9,3,XL,Men
710,T-shirt 710, 3751520.00,3.2,3,XXL,Women
711,Unknown Product, 1600000.00,5.0,5,M,Men
712,Pants 712, 1510400.00,4.1,3,M,Men
713,Outerwear 713, 3142880.00,4.4,3,L,Women
714,Jacket 714, 892320.00,3.1,3,XL,Unisex
715,Crewneck 715, 7021760.00,3.9,3,XXL,Men
716,T-shirt 716, 3602560.00,4.9,3,S,Women
717,Hoodie 717, 1532800.00,3.6,3,M,Unisex
718,Pants 718, 4057120.00,3.2,3,L,Men
719,Outerwear 719, 3172960.00,4.7,3,XL,Women
720,Jacket 720, 2028320.00,3.8,3,XXL,Unisex
721,Unknown Product, 1600000.00,5.0,5,M,Men
722,T-shirt 722, 8724320.00,3.2,3,M,Women
723,Hoodie 723, 5664800.00,3.4,3,L,Unisex
724,Pants 724, 4824800.00,4.7,3,XL,Men
725,Outerwear 725, 4979200.00,3.0,3,XXL,Women
726,Jacket 726, 6345920.00,3.5,3,S,Unisex
727,Crewneck 727, 4024000.00,4.8,3,M,Men
728,T-shirt 728, 8173440.00,3.0,3,L,Women
729,Hoodie 729, 6431360.00,3.6,3,XL,Unisex
730,Pants 730, 7228800.00,4.5,3,XXL,Men
731,Unknown Product, 1600000.00,5.0,5,M,Men
732,Jacket 732, 6597600.00,3.9,3,M,Unisex
733,Crewneck 733, 1162880.00,4.7,3,L,Men
734,T-shirt 734, 6858560.00,4.2,3,XL,Women
735,Hoodie 735, 4664320.00,4.0,3,XXL,Unisex
737,Outerwear 737, 1015680.00,4.7,3,M,Women
738,Jacket 738, 1893920.00,3.7,3,L,Unisex
739,Crewneck 739, 8072960.00,3.3,3,XL,Men
740,T-shirt 740, 7016640.00,3.4,3,XXL,Women
741,Unknown Product, 1600000.00,5.0,5,M,Men
742,Pants 742, 5626080.00,3.6,3,M,Men
743,Outerwear 743, 5678080.00,3.0,3,L,Women
744,Jacket 744, 5175680.00,4.1,3,XL,Unisex
745,Crewneck 745, 2882560.00,3.8,3,XXL,Men
746,T-shirt 746, 1517440.00,5.0,3,S,Women
747,Hoodie 747, 6326880.00,4.7,3,M,Unisex
748,Pants 748, 3134080.00,3.7,3,L,Men
749,Outerwear 749, 2627360.00,3.2,3,XL,Women
750,Jacket 750, 1030400.00,3.7,3,XXL,Unisex
751,Unknown Product, 1600000.00,5.0,5,M,Men
752,T-shirt 752, 7431520.00,3.8,3,M,Women
753,Hoodie 753, 8137600.00,4.8,3,L,Unisex
754,Pants 754, 7229760.00,3.1,3,XL,Men
755,Outerwear 755, 6910400.00,4.6,3,XXL,Women
756,Jacket 756, 7128000.00,3.1,3,S,Unisex
757,Crewneck 757, 7582720.00,4.4,3,M,Men
758,T-shirt 758, 6025920.00,3.1,3,L,Women
759,Hoodie 759, 2779840.00,4.7,3,XL,Unisex
760,Pants 760, 2191040.00,4.1,3,XXL,Men
761,Unknown Product, 1600000.00,5.0,5,M,Men
762,Jacket 762, 4091840.00,4.9,3,M,Unisex
763,Crewneck 763, 5792640.00,3.9,3,L,Men
764,T-shirt 764, 7211680.00,3.4,3,XL,Women
765,Hoodie 765, 1343360.00,4.9,3,XXL,Unisex
767,Outerwear 767, 4152800.00,4.5,3,M,Women
768,Jacket 768, 5662080.00,4.9,3,L,Unisex
769,Crewneck 769, 6294560.00,3.3,3,XL,Men
770,T-shirt 770, 1655040.00,3.5,3,XXL,Women
771,Unknown Product, 1600000.00,5.0,5,M,Men
772,Pants 772, 8748160.00,3.4,3,M,Men
773,Outerwear 773, 3393600.00,3.2,3,L,Women
774,Jacket 774, 1485760.00,4.1,3,XL,Unisex
775,Crewneck 775, 8189440.00,3.1,3,XXL,Men
776,T-shirt 776, 5333120.00,3.7,3,S,Women
777,Hoodie 777, 6104800.00,3.4,3,M,Unisex
778,Pants 778, 6034720.00,4.2,3,L,Men
779,Outerwear 779, 5816480.00,3.2,3,XL,Women
780,Jacket 780, 2767520.00,3.4,3,XXL,Unisex
781,Unknown Product, 1600000.00,5.0,5,M,Men
782,T-shirt 782, 4117440.00,4.5,3,M,Women
783,Hoodie 783, 2510720.00,3.0,3,L,Unisex
784,Pants 784, 5341280.00,3.0,3,XL,Men
785,Outerwear 785, 6444480.00,4.3,3,XXL,Women
786,Jacket 786, 6749280.00,5.0,3,S,Unisex
787,Crewneck 787, 4593600.00,4.7,3,M,Men
788,T-shirt 788, 3041120.00,4.7,3,L,Women
789,Hoodie 789, 2153280.00,4.0,3,XL,Unisex
790,Pants 790, 1708320.00,3.2,3,XXL,Men
791,Unknown Product, 1600000.00,5.0,5,M,Men
792,Jacket 792, 4068960.00,3.8,3,M,Unisex
793,Crewneck 793, 8650080.00,4.0,3,L,Men
794,T-shirt 794, 5983040.00,4.0,3,XL,Women
795,Hoodie 795, 4209600.00,3.9,3,XXL,Unisex
797,Outerwear 797, 2771360.00,4.9,3,M,Women
798,Jacket 798, 4391040.00,3.4,3,L,Unisex
799,Crewneck 799, 4048800.00,4.2,3,XL,Men
800,T-shirt 800, 7433280.00,4.6,3,XXL,Women
801,Unknown Product, 1600000.00,5.0,5,M,Men
802,Pants 802, 5710240.00,4.4,3,M,Men
803,Outerwear 803, 1875360.00,4.3,3,L,Women
804,Jacket 804, 4459040.00,3.9,3,XL,Unisex
805,Crewneck 805, 3266720.00,4.8,3,XXL,Men
806,T-shirt 806, 7310560.00,3.0,3,S,Women
807,Hoodie 807, 5016000.00,4.7,3,M,Unisex
808,Pants 808, 8717760.00,3.2,3,L,Men
809,Outerwear 809, 7162560.00,3.7,3,XL,Women
810,Jacket 810, 3796640.00,4.8,3,XXL,Unisex
811,Unknown Product, 1600000.00,5.0,5,M,Men
812,T-shirt 812, 6406080.00,4.2,3,M,Women
813,Hoodie 813, 4872800.00,5.0,3,L,Unisex
814,Pants 814, 1110080.00,4.7,3,XL,Men
815,Outerwear 815, 5985440.00,4.8,3,XXL,Women
816,Jacket 816, 1649120.00,4.5,3,S,Unisex
817,Crewneck 817, 8744160.00,4.4,3,M,Men
818,T-shirt 818, 5160320.00,3.8,3,L,Women
819,Hoodie 819, 4742400.00,4.7,3,XL,Unisex
820,Pants 820, 6030720.00,3.4,3,XXL,Men
821,Unknown Product, 1600000.00,5.0,5,M,Men
822,Jacket 822, 838240.00,4.2,3,M,Unisex
823,Crewneck 823, 6103520.00,4.7,3,L,Men
824,T-shirt 824, 3301440.00,4.1,3,XL,Women
825,Hoodie 825, 1058400.00,3.8,3,XXL,Unisex
827,Outerwear 827, 7091040.00,4.8,3,M,Women
828,Jacket 828, 2324000.00,4.6,3,L,Unisex
829,Crewneck 829, 4630400.00,4.4,3,XL,Men
830,T-shirt 830, 4496480.00,3.0,3,XXL,Women
831,Unknown Product, 1600000.00,5.0,5,M,Men
832,Pants 832, 3955360.00,4.6,3,M,Men
833,Outerwear 833, 7101280.00,3.0,3,L,Women
834,Jacket 834, 7223680.00,3.1,3,XL,Unisex
835,Crewneck 835, 7143360.00,3.9,3,XXL,Men
836,T-shirt 836, 6065440.00,4.1,3,S,Women
837,Hoodie 837, 5532640.00,5.0,3,M,Unisex
838,Pants 838, 2848800.00,3.1,3,L,Men
839,Outerwear 839, 4208320.00,3.9,3,XL,Women
840,Jacket 840, 8164640.00,3.6,3,XXL,Unisex
841,Unknown Product, 1600000.00,5.0,5,M,Men
842,T-shirt 842, 2859040.00,3.3,3,M,Women
843,Hoodie 843, 2997120.00,3.6,3,L,Unisex
844,Pants 844, 7422880.00,3.9,3,XL,Men
845,Outerwear 845, 2023200.00,3.2,3,XXL,Women
846,Jacket 846, 7480480.00,3.6,3,S,Unisex
847,Crewneck 847, 4789920.00,3.7,3,M,Men
848,T-shirt 848, 6134240.00,4.1,3,L,Women
849,Hoodie 849, 7816160.00,3.5,3,XL,Unisex
850,Pants 850, 4144160.00,4.2,3,XXL,Men
851,Unknown Product, 1600000.00,5.0,5,M,Men
852,Jacket 852, 2777280.00,4.1,3,M,Unisex
853,Crewneck 853, 2643840.00,3.4,3,L,Men
854,T-shirt 854, 1600000.00,4.5,3,XL,Women
855,Hoodie 855, 3249760.00,5.0,3,XXL,Unisex
857,Outerwear 857, 4532800.00,3.0,3,M,Women
858,Jacket 858, 3748640.00,3.7,3,L,Unisex
859,Crewneck 859, 6418560.00,3.0,3,XL,Men
860,T-shirt 860, 2419360.00,4.7,3,XXL,Women
861,Unknown Product, 1600000.00,5.0,5,M,Men
862,Pants 862, 4131360.00,3.3,3,M,Men
863,Outerwear 863, 1071360.00,4.0,3,L,Women
864,Jacket 864, 2168000.00,4.5,3,XL,Unisex
865,Crewneck 865, 6805120.00,3.9,3,XXL,Men
866,T-shirt 866, 2399040.00,3.2,3,S,Women
867,Hoodie 867, 1303840.00,3.3,3,M,Unisex
868,Pants 868, 7473760.00,4.6,3,L,Men
869,Outerwear 869, 6040320.00,4.5,3,XL,Women
870,Jacket 870, 6395040.00,3.5,3,XXL,Unisex
871,Unknown Product, 1600000.00,5.0,5,M,Men
872,T-shirt 872, 1343680.00,4.3,3,M,Women
873,Hoodie 873, 8321600.00,4.8,3,L,Unisex
874,Pants 874, 2755200.00,4.4,3,XL,Men
875,Outerwear 875, 2506720.00,4.6,3,XXL,Women
876,Jacket 876, 3225760.00,4.6,3,S,Unisex
877,Crewneck 877, 4552640.00,4.6,3,M,Men
878,T-shirt 878, 4809760.00,4.7,3,L,Women
879,Hoodie 879, 1026880.00,3.1,3,XL,Unisex
880,Pants 880, 6497760.00,4.3,3,XXL,Men
881,Unknown Product, 1600000.00,5.0,5,M,Men
882,Jacket 882, 6420960.00,3.3,3,M,Unisex
883,Crewneck 883, 5901120.00,3.6,3,L,Men
884,T-shirt 884, 7414720.00,4.3,3,XL,Women
885,Hoodie 885, 4760640.00,3.4,3,XXL,Unisex
887,Outerwear 887, 7806400.00,3.8,3,M,Women
888,Jacket 888, 7869280.00,4.2,3,L,Unisex
889,Crewneck 889, 6333920.00,4.6,3,XL,Men
890,T-shirt 890, 6439040.00,4.7,3,XXL,Women
891,Unknown Product, 1600000.00,5.0,5,M,Men
892,Pants 892, 8515360.00,4.4,3,M,Men
893,Outerwear 893, 2673600.00,3.2,3,L,Women
894,Jacket 894, 2946560.00,4.8,3,XL,Unisex
895,Crewneck 895, 1126720.00,4.3,3,XXL,Men
896,T-shirt 896, 7873760.00,4.9,3,S,Women
897,Hoodie 897, 6077920.00,3.1,3,M,Unisex
898,Pants 898, 8408640.00,4.1,3,L,Men
899,Outerwear 899, 6192960.00,4.8,3,XL,Women
900,Jacket 900, 7214240.00,3.3,3,XXL,Unisex
901,Unknown Product, 1600000.00,5.0,5,M,Men
902,T-shirt 902, 3164000.00,3.6,3,M,Women
903,Hoodie 903, 2617920.00,4.1,3,L,Unisex
904,Pants 904, 3356320.00,3.9,3,XL,Men
905,Outerwear 905, 5027840.00,4.9,3,XXL,Women
906,Jacket 906, 4301760.00,3.9,3,S,Unisex
907,Crewneck 907, 8732640.00,4.9,3,M,Men
908,T-shirt 908, 7954880.00,4.2,3,L,Women
909,Hoodie 909, 8383840.00,3.6,3,XL,Unisex
910,Pants 910, 2395200.00,4.7,3,XXL,Men
911,Unknown Product, 1600000.00,5.0,5,M,Men
912,Jacket 912, 7853280.00,4.9,3,M,Unisex
913,Crewneck 913, 3222240.00,3.5,3,L,Men
914,T-shirt 914, 5799200.00,4.6,3,XL,Women
915,Hoodie 915, 2649120.00,4.2,3,XXL,Unisex
917,Outerwear 917, 6061600.00,4.0,3,M,Women
918,Jacket 918, 5380800.00,3.3,3,L,Unisex
919,Crewneck 919, 8364000.00,4.7,3,XL,Men
920,T-shirt 920, 3706080.00,3.2,3,XXL,Women
921,Unknown Product, 1600000.00,5.0,5,M,Men
922,Pants 922, 1210880.00,4.4,3,M,Men
923,Outerwear 923, 2435840.00,3.7,3,L,Women
924,Jacket 924, 3764320.00,3.8,3,XL,Unisex
925,Crewneck 925, 7900800.00,4.5,3,XXL,Men
926,T-shirt 926, 1911040.00,4.6,3,S,Women
927,Hoodie 927, 7706400.00,3.5,3,M,Unisex
928,Pants 928, 3911680.00,3.4,3,L,Men
929,Outerwear 929, 1253440.00,3.3,3,XL,Women
930,Jacket 930, 1741120.00,4.9,3,XXL,Unisex
931,Unknown Product, 1600000.00,5.0,5,M,Men
932,T-shirt 932, 5937600.00,4.2,3,M,Women
933,Hoodie 933, 4960800.00,3.4,3,L,Unisex
934,Pants 934, 2248160.00,3.6,3,XL,Men
935,Outerwear 935, 6048000.00,4.1,3,XXL,Women
936,Jacket 936, 6165440.00,3.1,3,S,Unisex
937,Crewneck 937, 2475360.00,4.1,3,M,Men
938,T-shirt 938, 4058400.00,3.6,3,L,Women
939,Hoodie 939, 4466080.00,4.8,3,XL,Unisex
940,Pants 940, 5776000.00,3.7,3,XXL,Men
941,Unknown Product, 1600000.00,5.0,5,M,Men
942,Jacket 942, 7972960.00,3.0,3,M,Unisex
943,Crewneck 943, 4571040.00,4.4,3,L,Men
944,T-shirt 944, 1578240.00,4.6,3,XL,Women
945,Hoodie 945, 2107680.00,4.2,3,XXL,Unisex
947,Outerwear 947, 7079680.00,4.6,3,M,Women
948,Jacket 948, 4600480.00,3.9,3,L,Unisex
949,Crewneck 949, 1844320.00,4.4,3,XL,Men
950,T-shirt 950, 7691680.00,4.9,3,XXL,Women
951,Unknown Product, 1600000.00,5.0,5,M,Men
952,Pants 952, 7155040.00,3.7,3,M,Men
953,Outerwear 953, 8423200.00,3.8,3,L,Women
954,Jacket 954, 3878720.00,4.1,3,XL,Unisex
955,Crewneck 955, 7006560.00,4.7,3,XXL,Men
956,T-shirt 956, 4457600.00,3.1,3,S,Women
957,Hoodie 957, 4024320.00,4.4,3,M,Unisex
958,Pants 958, 3946240.00,4.8,3,L,Men
959,Outerwear 959, 6828480.00,4.6,3,XL,Women
960,Jacket 960, 5840160.00,4.5,3,XXL,Unisex
961,Unknown Product, 1600000.00,5.0,5,M,Men
962,T-shirt 962, 2887840.00,4.1,3,M,Women
963,Hoodie 963, 7916160.00,4.6,3,L,Unisex
964,Pants 964, 3885280.00,3.3,3,XL,Men
965,Outerwear 965, 3107200.00,4.5,3,XXL,Women
966,Jacket 966, 8499520.00,4.9,3,S,Unisex
967,Crewneck 967, 1744000.00,3.5,3,M,Men
968,T-shirt 968, 4045120.00,4.4,3,L,Women
969,Hoodie 969, 4231840.00,3.8,3,XL,Unisex
970,Pants 970, 952960.00,4.6,3,XXL,Men
971,Unknown Product, 1600000.00,5.0,5,M,Men
972,Jacket 972, 7272000.00,4.4,3,M,Unisex
973,Crewneck 973, 7134400.00,3.9,3,L,Men
974,T-shirt 974, 4769280.00,3.0,3,XL,Women
975,Hoodie 975, 4816000.00,3.6,3,XXL,Unisex
977,Outerwear 977, 3356000.00,3.6,3,M,Women
978,Jacket 978, 3918240.00,3.6,3,L,Unisex
979,Crewneck 979, 4848480.00,3.4,3,XL,Men
980,T-shirt 980, 6544000.00,3.1,3,XXL,Women
981,Unknown Product, 1600000.00,5.0,5,M,Men
982,Pants 982, 7281760.00,4.9,3,M,Men
983,Outerwear 983, 5762560.00,3.2,3,L,Women
984,Jacket 984, 7349440.00,3.8,3,XL,Unisex
985,Crewneck 985, 6236000.00,4.3,3,XXL,Men
986,T-shirt 986, 6713760.00,4.5,3,S,Women
987,Hoodie 987, 4008000.00,4.7,3,M,Unisex
988,Pants 988, 2054240.00,3.5,3,L,Men
989,Outerwear 989, 6869440.00,4.2,3,XL,Women
990,Jacket 990, 3327360.00,4.2,3,XXL,Unisex
991,Unknown Product, 1600000.00,5.0,5,M,Men
992,T-shirt 992, 4840480.00,4.9,3,M,Women
993,Hoodie 993, 6361920.00,3.4,3,L,Unisex
994,Pants 994, 1693760.00,4.4,3,XL,Men
995,Outerwear 995, 8046720.00,3.2,3,XXL,Women
996,Jacket 996, 6942400.00,4.3,3,S,Unisex
997,Crewneck 997, 5321280.00,3.9,3,M,Men
998,T-shirt 998, 908000.00,4.2,3,L,Women
999,Hoodie 999, 8534240.00,4.8,3,XL,Unisex
1000,Pants 1000, 2938240.00,4.7,3,XXL,Men
